Ano;Codigo del Departamento;Nombre del Departamento;TECNICA PROFESIONAL;TECNOLOGICA;UNIVERSITARIA;ESPECIALIZACION;MAESTRIA;DOCTORADO
2005;11;BOGOTA D.C.;63098;40178;279544;23603;7399;492
2005;13;BOLIVAR;6692;4480;25267;1260;9;0
2005;15;BOYACA;2004;3545;26056;679;142;34
2005;17;CALDAS;1804;3205;21273;731;362;90
2005;18;CAQUETA;475;137;4485;92;0;0
2005;19;CAUCA;1581;2242;16031;370;72;0
2005;20;CESAR;839;394;12005;188;0;0
2005;23;CORDOBA;1138;876;14069;348;0;0
2005;25;CUNDINAMARCA;3803;5863;15899;835;0;0
2005;27;CHOCO;531;81;7015;72;0;0
2005;41;HUILA;2002;1011;12057;568;22;0
2005;44;LA GUAJIRA;964;369;5843;33;0;0
2005;47;MAGDALENA;2215;1066;11287;166;0;0
2005;5;ANTIOQUIA;8964;33654;111943;5664;1380;119
2005;50;META;1943;1027;9229;278;0;0
2005;52;NARIÑO;1867;2820;14148;522;0;10
2005;54;NORTE DE SANTANDER;1231;3759;33220;2091;82;0
2005;63;QUINDIO;2176;1681;9014;151;19;0
2005;66;RISARALDA;3385;3744;16091;489;350;0
2005;68;SANTANDER;5822;16924;42258;1976;329;42
2005;70;SUCRE;779;521;7306;91;0;0
2005;73;TOLIMA;3734;10016;17778;553;35;17
2005;76;VALLE DEL CAUCA;7472;14643;70542;2726;1479;164
2005;8;ATLANTICO;9434;5889;57439;2411;251;0
2005;81;ARAUCA;442;20;271;0;0;0
2005;85;CASANARE;778;277;1282;47;0;0
2005;86;PUTUMAYO;313;606;389;10;0;0
2005;88;SAN ANDRES Y PROVIDENCIA;451;0;2;14;10;0
2005;91;AMAZONAS;113;0;209;2;39;0
2005;94;GUAINIA;117;38;2;0;0;0
2005;95;GUAVIARE;235;37;69;0;0;0
2005;97;VAUPES;78;0;0;0;0;0
2005;99;VICHADA;53;9;104;0;0;0
2006;11;BOGOTA D.C.;67084;50468;306747;23660;7451;545
2006;13;BOLIVAR;5638;5149;25865;1242;37;0
2006;15;BOYACA;2582;2618;26136;506;201;24
2006;17;CALDAS;2108;3688;20599;1414;485;121
2006;18;CAQUETA;1000;63;5213;46;0;0
2006;19;CAUCA;2565;2564;15745;330;124;12
2006;20;CESAR;1732;546;12589;283;0;0
2006;23;CORDOBA;2454;1207;15781;1154;0;0
2006;25;CUNDINAMARCA;6536;6302;15094;969;168;0
2006;27;CHOCO;1012;183;7651;73;0;0
2006;41;HUILA;3390;802;11878;643;20;0
2006;44;LA GUAJIRA;1627;499;5699;49;0;0
2006;47;MAGDALENA;3980;816;11901;218;0;0
2006;5;ANTIOQUIA;15143;37005;114848;5615;1747;170
2006;50;META;3875;728;9235;379;9;0
2006;52;NARIÑO;2768;1976;14835;1052;31;10
2006;54;NORTE DE SANTANDER;2461;3552;29073;1713;164;0
2006;63;QUINDIO;3547;1685;10476;75;25;0
2006;66;RISARALDA;4959;3638;16788;489;337;0
2006;68;SANTANDER;5848;18124;41961;1977;425;49
2006;70;SUCRE;1352;537;7375;221;0;0
2006;73;TOLIMA;4083;10014;17947;519;18;0
2006;76;VALLE DEL CAUCA;9094;16569;70144;2736;1485;181
2006;8;ATLANTICO;12216;5833;56439;2088;333;10
2006;81;ARAUCA;480;131;449;0;0;0
2006;85;CASANARE;1463;109;1267;26;0;0
2006;86;PUTUMAYO;456;761;430;10;0;0
2006;88;SAN ANDRES Y PROVIDENCIA;722;60;0;2;14;0
2006;91;AMAZONAS;166;28;280;3;25;0
2006;94;GUAINIA;299;69;0;0;0;0
2006;95;GUAVIARE;485;111;223;0;0;0
2006;97;VAUPES;117;0;1;0;0;0
2006;99;VICHADA;144;27;51;0;0;0
2007;-;NO IDENTIFICADO;11;0;0;0;0;0
2007;11;BOGOTA D.C.;61383;43609;290200;17929;7615;647
2007;13;BOLIVAR;6853;6958;25000;859;32;6
2007;15;BOYACA;3912;3135;29185;1186;143;0
2007;17;CALDAS;3019;4172;21036;913;658;111
2007;18;CAQUETA;2040;339;6366;394;0;0
2007;19;CAUCA;4339;2743;17561;809;23;25
2007;20;CESAR;2172;937;14645;148;0;0
2007;23;CORDOBA;5166;1937;18493;242;0;0
2007;25;CUNDINAMARCA;11445;6059;18701;1483;235;0
2007;27;CHOCO;1429;304;8738;233;0;0
2007;41;HUILA;4286;1883;14868;1121;0;0
2007;44;LA GUAJIRA;2785;626;7972;150;0;0
2007;47;MAGDALENA;7200;1687;14172;153;35;0
2007;5;ANTIOQUIA;18656;44961;117213;5499;1936;315
2007;50;META;5669;1276;13142;484;0;0
2007;52;NARIÑO;3981;3032;17807;404;81;0
2007;54;NORTE DE SANTANDER;5133;4390;34450;1133;249;0
2007;63;QUINDIO;5412;2267;11248;237;0;0
2007;66;RISARALDA;4567;4746;19109;698;614;13
2007;68;SANTANDER;7379;20942;44642;1653;481;58
2007;70;SUCRE;1791;960;8530;49;0;0
2007;73;TOLIMA;5373;5580;19627;685;61;9
2007;76;VALLE DEL CAUCA;11335;18445;74211;2674;1781;231
2007;8;ATLANTICO;15800;4768;57813;1629;406;16
2007;81;ARAUCA;999;259;626;29;0;0
2007;85;CASANARE;1680;647;3347;153;0;0
2007;86;PUTUMAYO;526;925;459;24;0;0
2007;88;SAN ANDRES Y PROVIDENCIA;958;248;21;19;4;0
2007;91;AMAZONAS;238;107;123;5;39;0
2007;94;GUAINIA;550;106;7;0;0;0
2007;95;GUAVIARE;538;144;581;13;0;0
2007;97;VAUPES;200;23;118;0;0;0
2007;99;VICHADA;363;34;217;12;0;0
2008;11;BOGOTA D.C.;72772;49896;302426;20893;8349;690
2008;13;BOLIVAR;7350;9122;26432;710;37;0
2008;15;BOYACA;3904;4903;30658;1129;211;0
2008;17;CALDAS;2941;3429;21148;856;799;108
2008;18;CAQUETA;2940;394;6681;349;32;0
2008;19;CAUCA;3918;5074;18680;1061;99;8
2008;20;CESAR;2509;1843;16131;150;0;0
2008;23;CORDOBA;5013;1928;19411;265;0;0
2008;25;CUNDINAMARCA;13108;9593;21906;1530;302;0
2008;27;CHOCO;1624;545;8865;76;0;0
2008;41;HUILA;4315;3370;16272;673;0;0
2008;44;LA GUAJIRA;2865;2169;9603;142;0;0
2008;47;MAGDALENA;6762;2890;15569;549;78;0
2008;5;ANTIOQUIA;19534;55538;121286;6161;2338;406
2008;50;META;6177;2125;14561;478;9;0
2008;52;NARIÑO;3315;3466;19354;448;170;0
2008;54;NORTE DE SANTANDER;6005;4524;37768;601;109;0
2008;63;QUINDIO;6442;3596;13107;212;63;0
2008;66;RISARALDA;3619;7794;20693;766;606;29
2008;68;SANTANDER;7107;26480;50373;2514;612;55
2008;70;SUCRE;2668;1413;9575;491;0;0
2008;73;TOLIMA;6910;7703;20044;945;157;9
2008;76;VALLE DEL CAUCA;12069;20880;76682;2902;2043;220
2008;8;ATLANTICO;13929;6574;57694;2062;554;19
2008;81;ARAUCA;1231;460;1112;32;0;0
2008;85;CASANARE;1728;1077;5636;87;0;0
2008;86;PUTUMAYO;857;1445;617;83;0;0
2008;88;SAN ANDRES Y PROVIDENCIA;817;441;15;0;10;0
2008;91;AMAZONAS;219;185;94;33;46;0
2008;94;GUAINIA;396;370;7;0;0;0
2008;95;GUAVIARE;359;549;615;7;0;0
2008;97;VAUPES;179;43;14;0;0;0
2008;99;VICHADA;444;135;138;11;0;0
2009;-;NO IDENTIFICADO;0;0;45;0;0;0
2009;11;BOGOTA D.C.;59095;75624;319586;29493;9225;748
2009;13;BOLIVAR;5054;14979;30280;848;112;0
2009;15;BOYACA;2405;7851;31794;1581;346;28
2009;17;CALDAS;1757;6897;22346;1148;1182;127
2009;18;CAQUETA;2446;1049;7338;302;24;0
2009;19;CAUCA;2142;9378;18585;303;0;30
2009;20;CESAR;1252;3608;17517;166;0;0
2009;23;CORDOBA;3184;3126;20466;171;0;0
2009;25;CUNDINAMARCA;6375;16446;24153;1951;476;11
2009;27;CHOCO;464;1275;9786;67;0;0
2009;41;HUILA;2446;5565;17905;738;96;0
2009;44;LA GUAJIRA;1169;3415;10565;108;0;0
2009;47;MAGDALENA;3334;4557;16492;484;113;0
2009;5;ANTIOQUIA;12742;76359;129994;6847;2849;492
2009;50;META;2804;4068;14723;554;0;0
2009;52;NARIÑO;2371;5026;20320;481;140;1
2009;54;NORTE DE SANTANDER;2454;6179;38834;1820;136;0
2009;63;QUINDIO;4459;4945;13773;331;50;0
2009;66;RISARALDA;1676;7837;21941;598;685;28
2009;68;SANTANDER;4417;31024;49550;3195;603;48
2009;70;SUCRE;1591;1502;10212;870;0;0
2009;73;TOLIMA;4690;10704;17705;569;37;0
2009;76;VALLE DEL CAUCA;9424;29467;83425;2914;2715;249
2009;8;ATLANTICO;9342;8977;59416;1924;843;44
2009;81;ARAUCA;1107;627;1263;121;0;0
2009;85;CASANARE;738;1903;5875;51;0;0
2009;86;PUTUMAYO;487;2305;498;32;0;0
2009;88;SAN ANDRES Y PROVIDENCIA;651;757;39;0;5;0
2009;91;AMAZONAS;129;487;338;18;44;0
2009;94;GUAINIA;122;352;91;0;0;0
2009;95;GUAVIARE;154;698;512;6;0;0
2009;97;VAUPES;103;218;71;35;0;0
2009;99;VICHADA;57;536;170;8;0;0
2010;-;NO IDENTIFICADO;277;0;6;0;0;0
2010;11;BOGOTA D.C.;44862;101371;326124;31901;11508;1005
2010;13;BOLIVAR;2603;18802;31854;796;54;0
2010;15;BOYACA;747;11345;31352;1639;385;44
2010;17;CALDAS;809;9351;22650;1241;1480;158
2010;18;CAQUETA;882;1078;6729;102;23;0
2010;19;CAUCA;1587;12375;20176;533;119;41
2010;20;CESAR;376;4924;16067;123;0;0
2010;23;CORDOBA;1362;4210;21658;154;2;0
2010;25;CUNDINAMARCA;1555;25354;23986;1791;560;14
2010;27;CHOCO;20;1756;12641;38;58;0
2010;41;HUILA;956;7384;19313;730;116;0
2010;44;LA GUAJIRA;1059;4579;8474;222;7;0
2010;47;MAGDALENA;1636;5599;15815;744;117;0
2010;5;ANTIOQUIA;7400;94171;132554;7821;3322;611
2010;50;META;365;4540;15965;348;25;0
2010;52;NARIÑO;1067;7038;19500;403;199;3
2010;54;NORTE DE SANTANDER;1833;10628;40136;1115;269;0
2010;63;QUINDIO;2628;6849;15760;191;22;5
2010;66;RISARALDA;1444;11887;22159;870;870;53
2010;68;SANTANDER;3205;31929;55454;3180;974;78
2010;70;SUCRE;891;1941;11208;594;0;0
2010;73;TOLIMA;1967;12007;19985;363;84;0
2010;76;VALLE DEL CAUCA;6591;38179;83276;2786;2928;281
2010;8;ATLANTICO;5297;12083;63339;2322;690;33
2010;81;ARAUCA;535;1045;1430;58;0;0
2010;85;CASANARE;55;2298;5767;9;0;0
2010;86;PUTUMAYO;123;3160;623;3;0;0
2010;88;SAN ANDRES Y PROVIDENCIA;574;1139;32;0;7;0
2010;91;AMAZONAS;60;758;311;17;0;0
2010;94;GUAINIA;4;324;192;1;0;0
2010;95;GUAVIARE;113;930;403;18;0;0
2010;97;VAUPES;0;168;26;0;0;0
2010;99;VICHADA;58;484;168;3;0;0
2011;-;NO IDENTIFICADO;0;97;0;151;0;0
2011;11;BOGOTA D.C.;47183;120114;359741;30380;14210;1395
2011;13;BOLIVAR;3175;22931;36559;1424;49;11
2011;15;BOYACA;50;11332;35187;3776;670;28
2011;17;CALDAS;259;9841;24045;1154;2050;177
2011;18;CAQUETA;186;1280;8017;185;86;0
2011;19;CAUCA;438;12027;22285;793;208;80
2011;20;CESAR;187;5505;19398;298;0;0
2011;23;CORDOBA;846;4336;24274;758;126;0
2011;25;CUNDINAMARCA;321;21148;28099;2053;691;9
2011;27;CHOCO;0;1248;12213;219;34;0
2011;41;HUILA;425;7630;21668;740;117;0
2011;44;LA GUAJIRA;634;3821;8775;159;9;0
2011;47;MAGDALENA;2245;6586;21689;1064;115;0
2011;5;ANTIOQUIA;3327;107739;143741;9065;4176;696
2011;50;META;337;5440;18760;901;44;0
2011;52;NARIÑO;102;7426;25247;1285;298;10
2011;54;NORTE DE SANTANDER;916;12389;44644;1225;323;0
2011;63;QUINDIO;1171;6389;17634;408;129;4
2011;66;RISARALDA;844;10637;25701;1242;960;46
2011;68;SANTANDER;3137;39234;59313;14920;1124;66
2011;70;SUCRE;2455;2052;12783;944;1;0
2011;73;TOLIMA;3042;14463;23370;477;169;0
2011;76;VALLE DEL CAUCA;6723;43772;89649;3339;3744;348
2011;8;ATLANTICO;4075;16211;65541;3196;986;47
2011;81;ARAUCA;93;1211;2311;38;0;0
2011;85;CASANARE;64;2531;6631;50;0;0
2011;86;PUTUMAYO;0;3162;1178;92;0;0
2011;88;SAN ANDRES Y PROVIDENCIA;104;934;16;0;14;3
2011;91;AMAZONAS;0;665;307;27;27;0
2011;94;GUAINIA;4;360;173;24;0;0
2011;95;GUAVIARE;0;940;419;8;0;0
2011;97;VAUPES;0;211;19;0;0;0
2011;99;VICHADA;15;451;125;34;0;0
2012;-;NO IDENTIFICADO;0;139;65;0;0;0
2012;11;BOGOTA D.C.;46763;129516.5;381539.3;29105;15819;1538
2012;13;BOLIVAR;2380;24463;37443.7;1200.1;87;42
2012;15;BOYACA;130;12760;38049;4357;726;84
2012;17;CALDAS;532;10500;24870;1080;2117;124
2012;18;CAQUETA;128;1137;8108;174;132;0
2012;19;CAUCA;196;10298;21210;404;34;0
2012;20;CESAR;128;6095;20657;181;0;0
2012;23;CORDOBA;820;4551;27018;601;165;0
2012;25;CUNDINAMARCA;391;24208;30615;1763;722;13
2012;27;CHOCO;10;1454;11720;349;12;0
2012;41;HUILA;473;8174;23671;633;129;0
2012;44;LA GUAJIRA;275;4073;8623;254;53;0
2012;47;MAGDALENA;2664;7859;23329;692;120;1
2012;5;ANTIOQUIA;2622;102893;155416;8550;4185;787
2012;50;META;416;5506;20322;730;63;0
2012;52;NARIÑO;724;7450;26288;692;436;3
2012;54;NORTE DE SANTANDER;712;11527;41101;913;318;0
2012;63;QUINDIO;1471;7516;19152;387;120;0
2012;66;RISARALDA;911;10407;26818;1294;954;22
2012;68;SANTANDER;1701;38388;61730;20233;1382;65
2012;70;SUCRE;578;1680;13921;706;2;0
2012;73;TOLIMA;3190;14821;25510;299;105;0
2012;76;VALLE DEL CAUCA;6428;42196;90851;4042;3988;359
2012;8;ATLANTICO;4530;16286;69058;2455;1033;24
2012;81;ARAUCA;11;1532;2466;0;0;0
2012;85;CASANARE;195;2888;6915;27;4;0
2012;86;PUTUMAYO;8;2537;1334;36;0;0
2012;88;SAN ANDRES Y PROVIDENCIA;148;991;44;51;12;1
2012;91;AMAZONAS;0;642;231;13;27;0
2012;94;GUAINIA;0;345;190;7;0;0
2012;95;GUAVIARE;0;1330;397;32;0;0
2012;97;VAUPES;0;266;27;0;0;0
2012;99;VICHADA;20;700;127;19;0;0
2013;-;NO IDENTIFICADO;0;87;24;50;0;0
2013;11;BOGOTA D.C.;39971;150728;413636;30151;17636;1758
2013;13;BOLIVAR;1982;30590;38008;1740;359;55
2013;15;BOYACA;671;14276;38989;5883;1090;96
2013;17;CALDAS;918;12265;25395;1055;2601;154
2013;18;CAQUETA;171;1493;8152;232;124;0
2013;19;CAUCA;65;11470;24982;705;301;79
2013;20;CESAR;174;7580;21652;165;3;0
2013;23;CORDOBA;1450;6023;28824;560;62;0
2013;25;CUNDINAMARCA;1215;29408;32971;1649;687;20
2013;27;CHOCO;151;1234;11548;114;56;0
2013;41;HUILA;717;10158;23338;892;104;0
2013;44;LA GUAJIRA;1012;3652;8995;80;45;0
2013;47;MAGDALENA;3459;7706;25149;672;74;1
2013;5;ANTIOQUIA;4269;111224;164092;9051;4862;967
2013;50;META;762;5387;23023;844;90;0
2013;52;NARIÑO;513;7126;28128;799;435;34
2013;54;NORTE DE SANTANDER;1124;12486;45342;1240;529;0
2013;63;QUINDIO;1242;7592;20394;386;105;15
2013;66;RISARALDA;1325;11723;28865;1482;1012;43
2013;68;SANTANDER;1702;45152;63401;15407;3028;88
2013;70;SUCRE;1490;1587;15203;997;59;0
2013;73;TOLIMA;3760;14703;27623;1170;432;10
2013;76;VALLE DEL CAUCA;7843;48327;94064;3584;4189;419
2013;8;ATLANTICO;6438;26231;73300;3333;1534;54
2013;81;ARAUCA;7;1148;2239;85;0;0
2013;85;CASANARE;167;2169;6386;91;27;0
2013;86;PUTUMAYO;119;2422;1127;78;1;0
2013;88;SAN ANDRES Y PROVIDENCIA;194;1011;69;0;23;4
2013;91;AMAZONAS;82;292;329;10;17;3
2013;94;GUAINIA;2;221;204;13;3;0
2013;95;GUAVIARE;0;1518;502;21;0;0
2013;97;VAUPES;0;344;15;0;0;0
2013;99;VICHADA;21;581;154;11;0;0
2014;11;BOGOTA D.C.;42224;160226;442999;39324;21581;1891
2014;13;BOLIVAR;1964;30639;38331;1670;327;73
2014;15;BOYACA;1152;13814;41222;2845;1231;99
2014;17;CALDAS;1630;12089;27020;1276;2761;266
2014;18;CAQUETA;296;1440;8830;167;176;0
2014;19;CAUCA;157;11494;27393;765;432;88
2014;20;CESAR;296;8479;22130;190;4;0
2014;23;CORDOBA;2159;5445;30630;673;76;0
2014;25;CUNDINAMARCA;1665;33495;35131;1781;1403;27
2014;27;CHOCO;162;1078;11740;153;89;0
2014;41;HUILA;1035;10042;23704;854;272;0
2014;44;LA GUAJIRA;984;4664;10858;141;23;0
2014;47;MAGDALENA;3516;6794;25767;808;89;32
2014;5;ANTIOQUIA;3910;110533;175701;8874;5520;1147
2014;50;META;1410;4956;23163;560;173;0
2014;52;NARINO;1198;6756;29511;928;635;39
2014;54;NORTE DE SANTANDER;1087;14321;47201;1336;683;0
2014;63;QUINDIO;1330;8524;17171;529;246;11
2014;66;RISARALDA;1508;13267;31893;1588;1112;61
2014;68;SANTANDER;3539;44753;64660;14734;4982;96
2014;70;SUCRE;2466;1713;16125;724;3;0
2014;73;TOLIMA;3907;16573;28626;911;434;10
2014;76;VALLE DEL CAUCA;7971;50479;98969;3902;4142;461
2014;8;ATLANTICO;9736;33268;78850;2635;1538;114
2014;81;ARAUCA;0;814;2150;37;0;0
2014;85;CASANARE;237;2160;6874;166;37;0
2014;86;PUTUMAYO;273;3221;1405;105;0;0
2014;88;SAN ANDRES Y PROVIDENCIA;494;1321;47;44;13;7
2014;91;AMAZONAS;88;204;329;14;15;6
2014;94;GUAINIA;55;257;184;3;3;0
2014;95;GUAVIARE;0;1398;387;39;0;0
2014;97;VAUPES;0;129;14;0;0;0
2014;99;VICHADA;17;479;134;8;0;0
2015;11;BOGOTA D.C.;39403;162508;465501;41576;23115;2210
2015;13;BOLIVAR;3310;31582;39872;1671;580;68
2015;15;BOYACA;605;13838;42912;3500;1341;111
2015;17;CALDAS;2298;10999;28430;1575;2915;374
2015;18;CAQUETA;248;1668;9154;244;217;16
2015;19;CAUCA;452;12461;29095;777;588;97
2015;20;CESAR;117;8967;22802;169;27;0
2015;23;CORDOBA;2003;3806;31299;930;181;0
2015;25;CUNDINAMARCA;671;33553;38910;2018;1849;33
2015;27;CHOCO;2;867;12059;237;162;0
2015;41;HUILA;1101;11433;24301;768;422;7
2015;44;LA GUAJIRA;684;5242;14268;54;33;0
2015;47;MAGDALENA;3958;7022;27563;706;201;21
2015;5;ANTIOQUIA;4355;110782;182990;9497;6472;1315
2015;50;META;1149;6106;23978;778;177;0
2015;52;NARINO;989;6138;30044;682;542;36
2015;54;NORTE DE SANTANDER;1125;13556;51235;1155;514;0
2015;63;QUINDIO;1455;9157;18020;799;273;16
2015;66;RISARALDA;1792;12966;31808;1970;1378;67
2015;68;SANTANDER;3387;46485;65996;8967;4565;123
2015;70;SUCRE;2196;2137;15998;279;38;0
2015;73;TOLIMA;3929;15067;28685;779;236;6
2015;76;VALLE DEL CAUCA;8249;52188;103148;4059;4603;524
2015;8;ATLANTICO;9417;33669;82498;2679;2076;114
2015;81;ARAUCA;1;898;1952;19;0;0
2015;85;CASANARE;352;1868;7232;241;54;0
2015;86;PUTUMAYO;219;4236;1229;50;3;0
2015;88;SAN ANDRES Y PROVIDENCIA;410;1234;39;0;16;12
2015;91;AMAZONAS;40;272;237;17;28;8
2015;94;GUAINIA;41;343;168;8;2;0
2015;95;GUAVIARE;0;1732;445;12;0;0
2015;97;VAUPES;0;192;1;35;0;0
2015;99;VICHADA;12;579;114;29;0;0
2016;11;BOGOTA D.C;33441;170898;507209;43745;25120;2374
2016;13;BOLIVAR;3075;32443;41837;1902;870;73
2016;15;BOYACA;1387;13467;44038;6624;1400;96
2016;17;CALDAS;2954;11063;30309;1532;3250;377
2016;18;CAQUETA;59;1662;9603;345;314;9
2016;19;CAUCA;293;13469;31487;1021;1000;120
2016;20;CESAR;61;8530;24415;215;48;0
2016;23;CORDOBA;1050;4767;32174;605;203;0
2016;25;CUNDINAMARCA;1283;33505;39047;2215;1759;52
2016;27;CHOCO;136;703;11259;179;319;0
2016;41;HUILA;777;12329;25079;896;440;9
2016;44;GUAJIRA;476;5612;13776;169;154;0
2016;47;MAGDALENA;3368;8187;26471;810;238;31
2016;5;ANTIOQUIA;3618;110904;192880;9620;6965;1496
2016;50;META;1123;5947;25577;947;171;0
2016;52;NARINIO;1010;6384;32386;1133;958;33
2016;54;NORTE DE SANTANDER;1005;13715;53823;1423;1011;0
2016;63;QUINDIO;1092;9601;18886;423;122;0
2016;66;RISARALDA;1225;12818;33324;1950;1727;93
2016;68;SANTANDER;3038;44087;68004;4763;8391;131
2016;70;SUCRE;1745;3099;17518;420;105;0
2016;73;TOLIMA;3283;16542;28708;1033;474;15
2016;76;VALLE DEL CAUCA;7519;52320;108934;4564;5151;586
2016;8;ATLANTICO;8510;35271;84714;3706;3224;196
2016;81;ARAUCA;4;971;1847;51;0;0
2016;85;CASANARE;869;1763;7394;257;65;0
2016;86;PUTUMAYO;19;3957;1210;85;92;0
2016;88;SAN ANDRES Y PROVI;22;1190;79;0;35;12
2016;91;AMAZONAS;119;447;344;67;24;10
2016;94;GUAINIA;8;365;200;25;11;0
2016;95;GUAVIARE;0;1525;535;49;3;0
2016;97;VAUPES;2;160;48;8;0;0
2016;99;VICHADA;14;711;173;10;0;0
2018;94;GUAINÍA;0;364;126;81;3;0
2017;11;BOGOTA D.C;31459;179321;519284;42123;25916;2286
2017;13;BOLIVAR;2171;31406;41072;1962;1261;99
2017;15;BOYACA;2021;14109;45681;6027;1444;131
2017;17;CALDAS;2185;10729;31550;1758;3497;438
2017;18;CAQUETA;63;1530;9913;347;382;10
2017;19;CAUCA;34;15519;33344;955;1142;131
2017;20;CESAR;22;9570;25752;1868;93;0
2017;23;CORDOBA;1115;4409;33915;1131;500;2
2017;25;CUNDINAMARCA;1317;36001;41974;2311;1945;62
2017;27;CHOCO;0;943;12056;248;392;0
2017;41;HUILA;630;13104;25833;804;618;23
2017;44;GUAJIRA;534;5626;14441;181;287;1
2017;47;MAGDALENA;2557;8942;26464;1061;289;32
2017;5;ANTIOQUIA;2977;113575;199259;9958;7295;1552
2017;50;META;725;5954;23724;655;298;0
2017;52;NARINIO;516;6100;34292;1277;995;35
2017;54;NORTE DE SANTANDER;1213;13362;54909;1633;1248;0
2017;63;QUINDIO;1014;10045;15700;221;199;9
2017;66;RISARALDA;1359;14151;32624;1632;1879;124
2017;68;SANTANDER;1587;43584;69442;5075;8098;143
2017;70;SUCRE;1463;3172;20362;268;103;0
2017;73;TOLIMA;3183;18158;29121;995;570;26
2017;76;VALLE DEL CAUCA;7140;53209;111030;4951;5589;653
2017;8;ATLANTICO;7185;36048;85250;4389;3135;289
2017;81;ARAUCA;0;1024;1815;25;0;0
2017;85;CASANARE;704;1811;7190;371;13;0
2017;86;PUTUMAYO;10;2899;1195;144;123;0
2017;88;SAN ANDRES Y PROVIDENCIA;65;1210;68;0;34;11
2017;91;AMAZONAS;7;318;315;50;45;14
2017;94;GUAINIA;7;376;193;20;9;0
2017;95;GUAVIARE;0;1534;564;39;1;0
2017;97;VAUPES;0;168;39;22;0;0
2017;99;VICHADA;0;672;114;15;0;0
2018;5;ANTIOQUIA;3288;110290;205054;12901;7251;1596
2018;8;ATLÁNTICO;6836;34716;87228;3910;2667;298
2018;11;BOGOTÁ D.C;38061;169548;525513;43687;25431;2215
2018;13;BOLÍVAR;2079;30809;41269;2157;1371;118
2018;15;BOYACÁ;1937;14719;44897;3343;1666;155
2018;17;CALDAS;3294;10341;31772;2265;3121;477
2018;18;CAQUETÁ;0;1457;9502;438;372;22
2018;19;CAUCA;13;14547;31785;1264;960;123
2018;20;CESAR;15;10655;25520;2927;184;0
2018;23;CÓRDOBA;729;3701;34989;1186;431;9
2018;25;CUNDINAMARCA;843;35709;40588;1926;1460;80
2018;27;CHOCÓ;95;853;11786;219;182;0
2018;41;HUILA;534;12613;25640;799;847;29
2018;44;LA GUAJIRA;608;5753;14479;178;547;1
2018;47;MAGDALENA;1668;6898;25160;1105;250;10
2018;50;META;700;5695;23766;740;301;0
2018;52;NARIÑO;305;5161;34080;1212;956;45
2018;54;NORTE DE SANTANDER;1153;13157;54158;1674;1177;0
2018;63;QUINDÍO;1181;10258;17741;571;361;26
2018;66;RISARALDA;1718;13340;32966;1704;1746;127
2018;68;SANTANDER;1550;40744;69546;6679;10720;152
2018;70;SUCRE;952;2682;19781;237;81;0
2018;73;TOLIMA;3501;18566;27154;1318;599;19
2018;76;VALLE DEL CAUCA;7186;49225;111713;5851;5276;697
2018;81;ARAUCA;0;751;1687;57;0;0
2018;85;CASANARE;297;1697;7187;212;6;0
2018;86;PUTUMAYO;0;2927;1365;36;104;0
2018;88;SAN ANDRÉS Y PROVIDENCIA;75;1282;51;26;34;15
2018;91;AMAZONAS;0;322;318;14;98;11
2018;95;GUAVIARE;0;1532;643;32;1;0
2018;97;VAUPÉS;0;128;37;0;26;0
2018;99;VICHADA;0;488;93;24;0;0
2019;11;BOGOTÁ D.C.;33981;146778;512491;49294;26471;2298
2019;13;BOLÍVAR;1617;27829;42595;2159;1107;108
2019;15;BOYACÁ;1464;14463;44915;3249;1741;180
2019;17;CALDAS;3694;9069;31779;2684;2867;487
2019;18;CAQUETÁ;87;1483;9851;455;279;27
2019;19;CAUCA;119;13902;34297;1839;893;138
2019;20;CESAR;16;10186;26272;1316;276;0
2019;23;CÓRDOBA;1133;3040;35544;1033;240;6
2019;25;CUNDINAMARCA;2020;33952;41183;3454;1322;92
2019;27;CHOCÓ;107;886;13278;313;61;0
2019;41;HUILA;709;12471;26214;1159;880;27
2019;44;LA GUAJIRA;720;5225;14756;205;456;1
2019;47;MAGDALENA;3043;6478;26227;1164;333;41
2019;5;ANTIOQUIA;3678;102439;201623;15710;6826;1506
2019;50;META;1010;5342;23998;877;217;8
2019;52;NARIÑO;796;4910;34376;1200;993;50
2019;54;NORTE DE SANTANDER;955;12786;52979;2029;1065;8
2019;63;QUINDÍO;531;9299;17262;1279;340;43
2019;66;RISARALDA;1846;12208;31796;2429;1710;169
2019;68;SANTANDER;1206;38459;68193;7715;8136;169
2019;70;SUCRE;1849;2736;21250;266;112;0
2019;73;TOLIMA;3479;16606;26667;2871;459;54
2019;76;VALLE DEL CAUCA;8894;45337;113193;8085;4865;736
2019;8;ATLÁNTICO;7786;28314;89387;5206;2472;398
2019;81;ARAUCA;0;728;1666;48;0;0
2019;85;CASANARE;927;1951;7571;246;30;0
2019;86;PUTUMAYO;16;3869;1472;46;72;0
2019;88;ARCHIPIÉLAGO DE SA;109;1139;49;244;21;13
2019;91;AMAZONAS;5;412;319;72;35;13
2019;94;GUAINÍA;6;470;123;69;2;0
2019;95;GUAVIARE;2;1462;596;60;1;0
2019;97;VAUPÉS;0;105;36;0;0;0
2019;99;VICHADA;0;396;120;7;0;0
2020;5;Antioquia;4247;101919;193118;13163;6961;1421
2020;8;Atlántico;6721;27060;88314;4672;2304;436
2020;11;Bogotá D.C.;26251;143609;472038;45328;26474;2065
2020;13;Bolívar;1657;28799;43760;1840;2062;94
2020;15;Boyacá;2190;14358;46147;3577;1826;164
2020;17;Caldas;3011;9038;32098;2233;2731;499
2020;18;Caquetá;19;1458;9792;304;255;20
2020;19;Cauca;53;15074;34136;1552;713;140
2020;20;Cesar;8;11049;27844;2060;608;3
2020;23;Córdoba;632;4055;36679;818;215;7
2020;25;Cundinamarca;1699;36425;47566;2457;1291;106
2020;27;Chocó;182;647;13028;473;18;0
2020;41;Huila;665;12992;29765;917;756;21
2020;44;La Guajira;903;5036;14154;165;493;1
2020;47;Magdalena;3067;6794;28435;989;393;42
2020;50;Meta;965;5320;27531;776;200;12
2020;52;Nariño;245;5256;37043;1326;1074;53
2020;54;Norte de Santander;433;15074;54014;1432;1117;14
2020;63;Quindío;95;9364;17504;821;212;52
2020;66;Risaralda;2155;11374;33354;1924;1425;211
2020;68;Santander;1281;41705;69410;7479;8032;191
2020;70;Sucre;936;3191;23123;453;64;2
2020;73;Tolima;3566;18347;31651;2000;471;56
2020;76;Valle del Cauca;7188;41592;104355;7034;4636;833
2020;81;Arauca;0;631;1491;69;0;0
2020;85;Casanare;532;3885;9784;225;54;0
2020;86;Putumayo;0;3188;1982;98;32;0
2020;88;Archipiélago de San Andrés, Providencia y Santa Catalina;199;1236;68;229;16;11
2020;91;Amazonas;0;637;315;26;26;10
2020;94;Guainía;1;489;230;37;0;0
2020;95;Guaviare;1;1476;648;6;0;0
2020;97;Vaupés;1;59;211;19;0;0
2020;99;Vichada;0;342;200;7;1;0
2021;5;Antioquia;3695;89589;206982;11108;7468;1515
2021;8;Atlántico;7885;22642;91721;4249;2282;388
2021;11;Bogotá, D.C.;29369;254058;460279;56147;31302;2410
2021;13;Bolívar;1626;23600;45437;1620;3627;92
2021;15;Boyacá;2706;13093;47538;3432;1867;150
2021;17;Caldas;2961;6866;31937;1841;2357;509
2021;18;Caquetá;0;1724;11382;302;232;32
2021;19;Cauca;0;11036;34077;1309;954;185
2021;20;Cesar;0;8384;31319;330;270;0
2021;23;Córdoba;410;3593;37706;782;162;0
2021;25;Cundinamarca;1955;26331;50150;2020;1383;94
2021;27;Chocó;263;791;15687;345;257;0
2021;41;Huila;528;10425;30509;880;1099;34
2021;44;La Guajira;1324;3842;14846;98;553;2
2021;47;Magdalena;4516;5610;31100;1120;485;72
2021;50;Meta;939;5262;28531;1126;278;9
2021;52;Nariño;0;4650;37877;1604;1473;56
2021;54;Norte De Santander;295;13298;55446;1549;1329;55
2021;63;Quindío;4;7182;18060;527;279;62
2021;66;Risaralda;1550;9696;33648;1656;1570;250
2021;68;Santander;1560;35029;69687;8373;8124;195
2021;70;Sucre;522;2739;22498;472;183;1
2021;73;Tolima;3166;12754;33322;859;221;0
2021;76;Valle Del Cauca;7383;36447;115026;6222;4761;844
2021;81;Arauca;0;599;1415;96;0;0
2021;85;Casanare;500;1902;7361;280;67;0
2021;86;Putumayo;0;3756;2452;33;122;0
2021;88;Archipiélago De San Andrés, Providencia Y Santa Catalina;918;467;99;11;10;7
2021;91;Amazonas;23;329;315;44;37;12
2021;94;Guainía;0;410;261;16;4;0
2021;95;Guaviare;0;1227;983;43;10;0
2021;97;Vaupés;0;40;172;0;0;0
2021;99;Vichada;0;308;370;24;43;0
